<server description="Kafka Producer Server">

    <!-- Enable features -->
    <featureManager>
        <feature>webProfile-7.0</feature>
        <feature>localConnector-1.0</feature>
    	<feature>jaxrs-2.0</feature>
	</featureManager>

    <!-- To access this server from a remote client add a host attribute to the following element, e.g. host="*" -->
    <httpEndpoint httpPort="9080" httpsPort="9443" id="defaultHttpEndpoint"/>
                  
    <!-- Automatically expand WAR files and EAR files -->
    <applicationManager autoExpand="true"/>


    <applicationMonitor updateTrigger="mbean"/>
    
    <library id="kafkaLoginLib">
    	<file name="${server.config.dir}/apps/expanded/LocalCartKafkaProducer.war/WEB-INF/lib/kafka-clients-0.10.0.0.jar"/>
    	<file name="${server.config.dir}/apps/expanded/LocalCartKafkaProducer.war/WEB-INF/lib/kafka-log4j-appender-0.10.0.0.jar"/>
    	<file name="${server.config.dir}/apps/expanded/LocalCartKafkaProducer.war/WEB-INF/lib/messagehub.login-1.0.0.jar"/>
    </library>

    <jaasLoginModule className="com.ibm.messagehub.login.MessageHubLoginModule" controlFlag="REQUIRED" id="KafkaClient" libraryRef="kafkaLoginLib">
                
        <options password="${env.KAFKA_PASSWORD}" serviceName="kafka" username="${env.KAFKA_USER_NAME}"/>
    </jaasLoginModule>
    
    <jaasLoginContextEntry id="KafkaClient" loginModuleRef="KafkaClient" name="KafkaClient"/>
</server>